"Timestamp","Edad / Age","Máximo Nivel de estudios alcanzado / Highest level of education attained","Según la OCDE ¿Cuál es el área de conocimiento de la formación alcanzada?","¿Con qué género se identifica?","Nacionalidad de Nacimiento","1ª obra [Versión 1]","1ª obra [Versión 2]","1ª obra [Versión 3]","1ª obra [Versión 4]","2ª obra [Versión 1]","2ª obra [Versión 2]","2ª obra [Versión 3]","2ª obra [Versión 4]","3ª obra [Versión 1]","3ª obra [Versión 2]","3ª obra [Versión 3]","3ª obra [Versión 4]","4ª obra [Versión 1]","4ª obra [Versión 2]","4ª obra [Versión 3]","4ª obra [Versión 4]","5ª obra [Versión 1]","5ª obra [Versión 2]","5ª obra [Versión 3]","5ª obra [Versión 4]","6ª obra [Versión 1]","6ª obra [Versión 2]","6ª obra [Versión 3]","6ª obra [Versión 4]","7ª obra [Versión 1]","7ª obra [Versión 2]","7ª obra [Versión 3]","7ª obra [Versión 4]","8ª obra [Versión 1]","8ª obra [Versión 2]","8ª obra [Versión 3]","8ª obra [Versión 4]","9ª obra [Versión 1]","9ª obra [Versión 2]","9ª obra [Versión 3]","9ª obra [Versión 4]","10ª obra [Versión 1]","10ª obra [Versión 2]","10ª obra [Versión 3]","10ª obra [Versión 4]","11ª obra [Versión 1]","11ª obra [Versión 2]","11ª obra [Versión 3]","11ª obra [Versión 4]","12ª obra [Versión 1]","12ª obra [Versión 2]","12ª obra [Versión 3]","12ª obra [Versión 4]","13ª obra [Versión 1]","13ª obra [Versión 2]","13ª obra [Versión 3]","13ª obra [Versión 4]","14ª obra [Versión 1]","14ª obra [Versión 2]","14ª obra [Versión 3]","14ª obra [Versión 4]","15ª obra [Versión 1]","15ª obra [Versión 2]","15ª obra [Versión 3]","15ª obra [Versión 4]","16ª obra [Versión 1]","16ª obra [Versión 2]","16ª obra [Versión 3]","16ª obra [Versión 4]","17ª obra [Versión 1]","17ª obra [Versión 2]","17ª obra [Versión 3]","17ª obra [Versión 4]","18ª obra [Versión 1]","18ª obra [Versión 2]","18ª obra [Versión 3]","18ª obra [Versión 4]","19ª obra [Versión 1]","19ª obra [Versión 2]","19ª obra [Versión 3]","19ª obra [Versión 4]","20ª obra [Versión 1]","20ª obra [Versión 2]","20ª obra [Versión 3]","20ª obra [Versión 4]"
"2023/07/10 9:05:17 PM GMT-3","","","","","","Miedo","Tristeza","Entretenimiento","Alegría","Tristeza","Entretenimiento","Alegría","Miedo","Alegría","Entretenimiento","Tristeza","Miedo","Miedo","Tristeza","Alegría","Entretenimiento","Entretenimiento","Alegría","Tristeza","Miedo","Entretenimiento","Alegría","Tristeza","Miedo","Alegría","Miedo","Tristeza","Entretenimiento","Alegría","Miedo","Entretenimiento","Tristeza","Tristeza","Alegría","Entretenimiento","Miedo","Tristeza","Miedo","Alegría","Entretenimiento","Miedo","Tristeza","Alegría","Entretenimiento","Entretenimiento","Alegría","Tristeza","Miedo","Alegría","Entretenimiento","Tristeza","Miedo","Tristeza","Entretenimiento","Miedo","Alegría","Entretenimiento","Tristeza","Miedo","Alegría","Alegría","Entretenimiento","Miedo","Tristeza","Miedo","Tristeza","Entretenimiento","Alegría","Miedo","Alegría","Tristeza","Entretenimiento","Entretenimiento","Alegría","Miedo","Tristeza","Tristeza","Miedo","Entretenimiento","Alegría"
"2023/07/11 5:30:44 PM GMT-3","","","","","","Tristeza","Alegría","Miedo","Entretenimiento","Entretenimiento","Miedo","Alegría","Tristeza","Alegría","Entretenimiento","Tristeza","Miedo","Tristeza","Alegría","Miedo","Entretenimiento","Entretenimiento","Alegría","Tristeza","Miedo","Entretenimiento","Alegría","Tristeza","Miedo","Alegría","Tristeza","Entretenimiento","Miedo","Alegría","Miedo","Entretenimiento","Tristeza","Tristeza","Entretenimiento","Alegría","Miedo","Miedo","Tristeza","Entretenimiento","Alegría","Miedo","Tristeza","Entretenimiento","Alegría","Entretenimiento","Alegría","Tristeza","Miedo","Alegría","Entretenimiento","Miedo","Tristeza","Alegría","Entretenimiento","Miedo","Tristeza","Entretenimiento","Tristeza","Miedo","Alegría","Tristeza","Entretenimiento","Miedo","Alegría","Miedo","Tristeza","Entretenimiento","Alegría","Miedo","Alegría","Tristeza","Entretenimiento","Entretenimiento","Tristeza","Miedo","Alegría","Tristeza","Miedo","Entretenimiento","Alegría"
"2023/07/11 5:36:03 PM GMT-3","","","","","","Tristeza","Alegría","Entretenimiento","Miedo","Tristeza","Entretenimiento","Alegría","Miedo","Alegría","Entretenimiento","Tristeza","Miedo","Miedo","Tristeza","Alegría","Entretenimiento","Alegría","Entretenimiento","Tristeza","Miedo","Entretenimiento","Alegría","Tristeza","Miedo","Tristeza","Miedo","Alegría","Entretenimiento","Alegría","Miedo","Entretenimiento","Tristeza","Tristeza","Alegría","Entretenimiento","Miedo","Miedo","Tristeza","Alegría","Entretenimiento","Miedo","Tristeza","Alegría","Entretenimiento","Entretenimiento","Alegría","Tristeza","Miedo","Alegría","Entretenimiento","Miedo","Tristeza","Tristeza","Entretenimiento","Miedo","Alegría","Entretenimiento","Tristeza","Miedo","Alegría","Alegría","Entretenimiento","Tristeza","Miedo","Miedo","Tristeza","Entretenimiento","Alegría","Miedo","Alegría","Tristeza","Entretenimiento","Tristeza","Entretenimiento","Miedo","Alegría","Tristeza","Miedo","Entretenimiento","Alegría"
"2023/07/11 5:56:52 PM GMT-3","","","","","","Miedo","Alegría","Entretenimiento","Tristeza","Tristeza","Entretenimiento","Alegría","Miedo","Alegría","Entretenimiento","Tristeza","Miedo","Tristeza","Miedo","Alegría","Entretenimiento","Entretenimiento","Alegría","Tristeza","Miedo","Entretenimiento","Alegría","Tristeza","Miedo","Tristeza","Miedo","Alegría","Entretenimiento","Alegría","Miedo","Entretenimiento","Tristeza","Tristeza","Entretenimiento","Alegría","Miedo","Miedo","Tristeza","Alegría","Entretenimiento","Miedo","Tristeza","Alegría","Entretenimiento","Entretenimiento","Alegría","Tristeza","Miedo","Alegría","Entretenimiento","Miedo","Tristeza","Tristeza","Entretenimiento","Miedo","Alegría","Entretenimiento","Tristeza","Miedo","Alegría","Alegría","Entretenimiento","Miedo","Tristeza","Miedo","Tristeza","Entretenimiento","Alegría","Miedo","Entretenimiento","Tristeza","Alegría","Entretenimiento","Alegría","Miedo","Tristeza","Tristeza","Miedo","Entretenimiento","Alegría"
"2023/07/11 6:01:34 PM GMT-3","","","","","","Miedo","Alegría","Entretenimiento","Tristeza","Tristeza","Entretenimiento","Alegría","Miedo","Alegría","Entretenimiento","Tristeza","Miedo","Miedo","Tristeza","Alegría","Entretenimiento","Entretenimiento","Alegría","Tristeza","Miedo","Entretenimiento","Alegría","Tristeza","Miedo","Alegría","Miedo","Tristeza","Entretenimiento","Alegría","Miedo","Entretenimiento","Tristeza","Tristeza","Entretenimiento","Alegría","Miedo","Miedo","Tristeza","Alegría","Entretenimiento","Miedo","Tristeza","Entretenimiento","Alegría","Alegría","Entretenimiento","Tristeza","Miedo","Alegría","Entretenimiento","Miedo","Tristeza","Miedo","Entretenimiento","Tristeza","Alegría","Entretenimiento","Tristeza","Miedo","Alegría","Alegría","Entretenimiento","Miedo","Tristeza","Miedo","Tristeza","Entretenimiento","Alegría","Miedo","Alegría","Tristeza","Entretenimiento","Entretenimiento","Alegría","Miedo","Tristeza","Tristeza","Miedo","Entretenimiento","Alegría"
"2023/07/11 9:36:11 PM GMT-3","","","","","","Miedo","Alegría","Entretenimiento","Tristeza","Tristeza","Entretenimiento","Alegría","Miedo","Alegría","Entretenimiento","Tristeza","Miedo","Miedo","Tristeza","Alegría","Entretenimiento","Entretenimiento","Alegría","Tristeza","Miedo","Entretenimiento","Alegría","Tristeza","Miedo","Tristeza","Miedo","Alegría","Entretenimiento","Alegría","Miedo","Entretenimiento","Tristeza","Tristeza","Entretenimiento","Alegría","Miedo","Miedo","Tristeza","Alegría","Entretenimiento","Miedo","Tristeza","Alegría","Entretenimiento","Entretenimiento","Alegría","Tristeza","Miedo","Alegría","Entretenimiento","Miedo","Tristeza","Miedo","Entretenimiento","Tristeza","Alegría","Entretenimiento","Tristeza","Miedo","Alegría","Alegría","Entretenimiento","Miedo","Tristeza","Miedo","Tristeza","Entretenimiento","Alegría","Miedo","Alegría","Tristeza","Entretenimiento","Entretenimiento","Alegría","Miedo","Tristeza","Tristeza","Miedo","Entretenimiento","Alegría"
"2023/07/11 10:42:01 PM GMT-3","","","","","","Tristeza","Alegría","Miedo","Entretenimiento","Entretenimiento","Miedo","Alegría","Tristeza","Alegría","Entretenimiento","Miedo","Tristeza","Tristeza","Alegría","Entretenimiento","Miedo","Alegría","Entretenimiento","Miedo","Tristeza","Miedo","Entretenimiento","Alegría","Tristeza","Entretenimiento","Tristeza","Alegría","Miedo","Alegría","Tristeza","Miedo","Entretenimiento","Alegría","Miedo","Entretenimiento","Tristeza","Miedo","Tristeza","Alegría","Entretenimiento","Miedo","Tristeza","Entretenimiento","Alegría","Entretenimiento","Alegría","Tristeza","Miedo","Alegría","Miedo","Tristeza","Entretenimiento","Tristeza","Miedo","Entretenimiento","Alegría","Miedo","Entretenimiento","Tristeza","Alegría","Entretenimiento","Miedo","Tristeza","Alegría","Tristeza","Entretenimiento","Miedo","Alegría","Miedo","Entretenimiento","Tristeza","Alegría","Entretenimiento","Miedo","Tristeza","Alegría","Alegría","Tristeza","Miedo","Entretenimiento"
"2023/07/12 12:01:40 AM GMT-3","","","","","","Tristeza","Entretenimiento","Miedo","Alegría","Entretenimiento","Miedo","Alegría","Tristeza","Entretenimiento","Alegría","Miedo","Tristeza","Miedo","Tristeza","Alegría","Entretenimiento","Alegría","Miedo","Entretenimiento","Tristeza","Entretenimiento","Alegría","Tristeza","Miedo","Entretenimiento","Tristeza","Alegría","Miedo","Alegría","Miedo","Entretenimiento","Tristeza","Tristeza","Alegría","Entretenimiento","Miedo","Tristeza","Miedo","Alegría","Entretenimiento","Miedo","Tristeza","Alegría","Entretenimiento","Entretenimiento","Alegría","Tristeza","Miedo","Entretenimiento","Miedo","Tristeza","Alegría","Miedo","Entretenimiento","Tristeza","Alegría","Entretenimiento","Miedo","Tristeza","Alegría","Alegría","Miedo","Tristeza","Entretenimiento","Tristeza","Alegría","Entretenimiento","Miedo","Tristeza","Miedo","Alegría","Entretenimiento","Entretenimiento","Alegría","Tristeza","Miedo","Alegría","Tristeza","Miedo","Entretenimiento"
"2023/07/13 3:03:09 AM GMT-3","","","","","","Tristeza","Alegría","Miedo","Entretenimiento","Tristeza","Entretenimiento","Alegría","Miedo","Alegría","Entretenimiento","Tristeza","Miedo","Miedo","Tristeza","Alegría","Entretenimiento","Alegría","Entretenimiento","Tristeza","Miedo","Entretenimiento","Alegría","Miedo","Tristeza","Alegría","Tristeza","Miedo","Entretenimiento","Alegría","Miedo","Entretenimiento","Tristeza","Entretenimiento","Tristeza","Alegría","Miedo","Miedo","Tristeza","Alegría","Entretenimiento","Miedo","Tristeza","Alegría","Entretenimiento","Entretenimiento","Alegría","Miedo","Tristeza","Alegría","Entretenimiento","Miedo","Tristeza","Alegría","Entretenimiento","Miedo","Tristeza","Entretenimiento","Tristeza","Miedo","Alegría","Alegría","Entretenimiento","Miedo","Tristeza","Miedo","Tristeza","Entretenimiento","Alegría","Miedo","Alegría","Tristeza","Entretenimiento","Entretenimiento","Alegría","Miedo","Tristeza","Tristeza","Miedo","Entretenimiento","Alegría"
"2023/07/15 10:11:25 PM GMT-3","","","","","","Tristeza","Alegría","Miedo","Entretenimiento","Tristeza","Miedo","Alegría","Entretenimiento","Alegría","Entretenimiento","Miedo","Tristeza","Miedo","Tristeza","Alegría","Entretenimiento","Entretenimiento","Alegría","Miedo","Tristeza","Miedo","Alegría","Tristeza","Entretenimiento","Tristeza","Miedo","Alegría","Entretenimiento","Alegría","Miedo","Entretenimiento","Tristeza","Alegría","Entretenimiento","Miedo","Tristeza","Miedo","Tristeza","Alegría","Entretenimiento","Alegría","Tristeza","Entretenimiento","Miedo","Miedo","Alegría","Entretenimiento","Tristeza","Entretenimiento","Alegría","Miedo","Tristeza","Tristeza","Entretenimiento","Miedo","Alegría","Entretenimiento","Miedo","Tristeza","Alegría","Alegría","Entretenimiento","Miedo","Tristeza","Miedo","Tristeza","Entretenimiento","Alegría","Miedo","Alegría","Tristeza","Entretenimiento","Entretenimiento","Alegría","Miedo","Tristeza","Alegría","Tristeza","Miedo","Entretenimiento"
"2023/07/15 10:51:35 PM GMT-3","","","","","","Tristeza","Entretenimiento","Alegría","Miedo","Tristeza","Entretenimiento","Alegría","Miedo","Alegría","Entretenimiento","Miedo","Tristeza","Miedo","Tristeza","Alegría","Entretenimiento","Entretenimiento","Alegría","Miedo","Tristeza","Entretenimiento","Alegría","Tristeza","Miedo","Entretenimiento","Tristeza","Alegría","Miedo","Alegría","Miedo","Entretenimiento","Tristeza","Miedo","Entretenimiento","Alegría","Tristeza","Miedo","Tristeza","Alegría","Entretenimiento","Tristeza","Miedo","Alegría","Entretenimiento","Entretenimiento","Tristeza","Miedo","Alegría","Alegría","Entretenimiento","Miedo","Tristeza","Tristeza","Entretenimiento","Miedo","Alegría","Entretenimiento","Tristeza","Miedo","Alegría","Alegría","Entretenimiento","Miedo","Tristeza","Miedo","Tristeza","Entretenimiento","Alegría","Tristeza","Alegría","Miedo","Entretenimiento","Entretenimiento","Tristeza","Miedo","Alegría","Tristeza","Miedo","Entretenimiento","Alegría"
"2023/07/15 11:01:41 PM GMT-3","","","","","","Tristeza","Entretenimiento","Miedo","Alegría","Tristeza","Alegría","Entretenimiento","Miedo","Alegría","Entretenimiento","Miedo","Tristeza","Miedo","Tristeza","Alegría","Entretenimiento","Entretenimiento","Alegría","Tristeza","Miedo","Entretenimiento","Alegría","Tristeza","Miedo","Tristeza","Miedo","Alegría","Entretenimiento","Alegría","Miedo","Entretenimiento","Tristeza","Entretenimiento","Miedo","Alegría","Tristeza","Miedo","Tristeza","Alegría","Entretenimiento","Miedo","Tristeza","Entretenimiento","Alegría","Entretenimiento","Alegría","Tristeza","Miedo","Alegría","Entretenimiento","Miedo","Tristeza","Tristeza","Miedo","Entretenimiento","Alegría","Entretenimiento","Tristeza","Miedo","Alegría","Entretenimiento","Alegría","Miedo","Tristeza","Miedo","Tristeza","Alegría","Entretenimiento","Miedo","Entretenimiento","Tristeza","Alegría","Entretenimiento","Alegría","Miedo","Tristeza","Tristeza","Alegría","Entretenimiento","Miedo"
"2023/07/20 12:43:02 PM GMT-3","","","","","","Tristeza","Miedo","Entretenimiento","Alegría","Tristeza","Alegría","Entretenimiento","Miedo","Entretenimiento","Alegría","Miedo","Tristeza","Miedo","Tristeza","Alegría","Entretenimiento","Entretenimiento","Alegría","Tristeza","Miedo","Miedo","Entretenimiento","Tristeza","Alegría","Entretenimiento","Tristeza","Alegría","Miedo","Alegría","Miedo","Entretenimiento","Tristeza","Miedo","Entretenimiento","Alegría","Tristeza","Miedo","Tristeza","Alegría","Entretenimiento","Miedo","Tristeza","Entretenimiento","Alegría","Miedo","Entretenimiento","Alegría","Tristeza","Entretenimiento","Miedo","Tristeza","Alegría","Tristeza","Miedo","Alegría","Entretenimiento","Miedo","Entretenimiento","Tristeza","Alegría","Alegría","Tristeza","Entretenimiento","Miedo","Miedo","Tristeza","Entretenimiento","Alegría","Miedo","Tristeza","Entretenimiento","Alegría","Entretenimiento","Alegría","Miedo","Tristeza","Alegría","Tristeza","Miedo","Entretenimiento"
"2023/07/20 2:05:49 PM GMT-3","","","","","","Miedo","Tristeza","Entretenimiento","Alegría","Tristeza","Entretenimiento","Alegría","Miedo","Alegría","Entretenimiento","Miedo","Tristeza","Tristeza","Miedo","Alegría","Entretenimiento","Alegría","Entretenimiento","Tristeza","Miedo","Entretenimiento","Alegría","Tristeza","Miedo","Tristeza","Miedo","Alegría","Entretenimiento","Alegría","Miedo","Entretenimiento","Tristeza","Tristeza","Entretenimiento","Alegría","Miedo","Miedo","Tristeza","Alegría","Entretenimiento","Miedo","Tristeza","Alegría","Entretenimiento","Entretenimiento","Alegría","Tristeza","Miedo","Alegría","Entretenimiento","Miedo","Tristeza","Miedo","Entretenimiento","Tristeza","Alegría","Entretenimiento","Tristeza","Miedo","Alegría","Alegría","Entretenimiento","Miedo","Tristeza","Miedo","Tristeza","Entretenimiento","Alegría","Miedo","Entretenimiento","Tristeza","Alegría","Entretenimiento","Alegría","Miedo","Tristeza","Tristeza","Miedo","Entretenimiento","Alegría"
"2023/07/20 5:48:46 PM GMT-3","","","","","","Tristeza","Entretenimiento","Alegría","Miedo","Entretenimiento","Alegría","Miedo","Tristeza","Entretenimiento","Alegría","Tristeza","Miedo","Alegría","Tristeza","Entretenimiento","Miedo","Alegría","Entretenimiento","Miedo","Tristeza","Miedo","Alegría","Tristeza","Entretenimiento","Tristeza","Miedo","Alegría","Entretenimiento","Alegría","Entretenimiento","Miedo","Tristeza","Tristeza","Entretenimiento","Alegría","Miedo","Miedo","Tristeza","Entretenimiento","Alegría","Tristeza","Miedo","Entretenimiento","Alegría","Miedo","Entretenimiento","Tristeza","Alegría","Entretenimiento","Miedo","Tristeza","Alegría","Miedo","Entretenimiento","Tristeza","Alegría","Entretenimiento","Tristeza","Miedo","Alegría","Entretenimiento","Miedo","Alegría","Tristeza","Miedo","Tristeza","Alegría","Entretenimiento","Miedo","Tristeza","Alegría","Entretenimiento","Entretenimiento","Alegría","Miedo","Tristeza","Entretenimiento","Tristeza","Miedo","Alegría"
"2023/07/20 5:56:34 PM GMT-3","","","","","","Miedo","Alegría","Entretenimiento","Tristeza","Miedo","Entretenimiento","Alegría","Tristeza","Alegría","Entretenimiento","Miedo","Tristeza","Tristeza","Miedo","Alegría","Entretenimiento","Alegría","Entretenimiento","Miedo","Tristeza","Entretenimiento","Alegría","Miedo","Tristeza","Tristeza","Miedo","Alegría","Entretenimiento","Alegría","Miedo","Entretenimiento","Tristeza","Miedo","Entretenimiento","Alegría","Tristeza","Miedo","Tristeza","Alegría","Entretenimiento","Miedo","Tristeza","Alegría","Entretenimiento","Entretenimiento","Alegría","Miedo","Tristeza","Alegría","Entretenimiento","Miedo","Tristeza","Miedo","Entretenimiento","Tristeza","Alegría","Entretenimiento","Tristeza","Miedo","Alegría","Alegría","Entretenimiento","Tristeza","Miedo","Miedo","Tristeza","Alegría","Entretenimiento","Miedo","Alegría","Tristeza","Entretenimiento","Entretenimiento","Alegría","Miedo","Tristeza","Tristeza","Miedo","Entretenimiento","Alegría"
"2023/07/20 6:00:12 PM GMT-3","","","","","","Miedo","Alegría","Entretenimiento","Tristeza","Tristeza","Entretenimiento","Alegría","Miedo","Alegría","Entretenimiento","Tristeza","Miedo","Miedo","Tristeza","Alegría","Entretenimiento","Alegría","Entretenimiento","Tristeza","Miedo","Entretenimiento","Alegría","Tristeza","Miedo","Tristeza","Miedo","Alegría","Entretenimiento","Alegría","Miedo","Entretenimiento","Tristeza","Tristeza","Entretenimiento","Alegría","Miedo","Tristeza","Miedo","Alegría","Entretenimiento","Miedo","Tristeza","Alegría","Entretenimiento","Entretenimiento","Alegría","Tristeza","Miedo","Alegría","Entretenimiento","Miedo","Tristeza","Tristeza","Entretenimiento","Miedo","Alegría","Entretenimiento","Tristeza","Miedo","Alegría","Alegría","Entretenimiento","Miedo","Tristeza","Miedo","Tristeza","Entretenimiento","Alegría","Miedo","Alegría","Tristeza","Entretenimiento","Entretenimiento","Alegría","Miedo","Tristeza","Tristeza","Miedo","Entretenimiento","Alegría"
"2023/07/20 6:04:56 PM GMT-3","","","","","","Miedo","Alegría","Entretenimiento","Tristeza","Tristeza","Entretenimiento","Alegría","Miedo","Alegría","Entretenimiento","Tristeza","Miedo","Miedo","Tristeza","Alegría","Entretenimiento","Alegría","Entretenimiento","Tristeza","Miedo","Entretenimiento","Alegría","Tristeza","Miedo","Tristeza","Miedo","Alegría","Entretenimiento","Alegría","Miedo","Entretenimiento","Tristeza","Tristeza","Entretenimiento","Alegría","Miedo","Miedo","Tristeza","Alegría","Entretenimiento","Miedo","Tristeza","Alegría","Entretenimiento","Entretenimiento","Alegría","Tristeza","Miedo","Alegría","Entretenimiento","Miedo","Tristeza","Tristeza","Entretenimiento","Miedo","Alegría","Entretenimiento","Tristeza","Miedo","Alegría","Alegría","Entretenimiento","Miedo","Tristeza","Miedo","Tristeza","Entretenimiento","Alegría","Miedo","Alegría","Tristeza","Entretenimiento","Entretenimiento","Alegría","Miedo","Tristeza","Tristeza","Miedo","Entretenimiento","Alegría"
"2023/07/20 6:53:39 PM GMT-3","","","","","","Miedo","Alegría","Entretenimiento","Tristeza","Tristeza","Entretenimiento","Alegría","Miedo","Alegría","Entretenimiento","Tristeza","Miedo","Tristeza","Miedo","Alegría","Entretenimiento","Alegría","Entretenimiento","Tristeza","Miedo","Entretenimiento","Alegría","Tristeza","Miedo","Tristeza","Miedo","Entretenimiento","Alegría","Alegría","Miedo","Entretenimiento","Tristeza","Tristeza","Alegría","Entretenimiento","Miedo","Miedo","Tristeza","Entretenimiento","Alegría","Miedo","Tristeza","Entretenimiento","Alegría","Alegría","Entretenimiento","Tristeza","Miedo","Alegría","Entretenimiento","Miedo","Tristeza","Miedo","Entretenimiento","Tristeza","Alegría","Entretenimiento","Tristeza","Miedo","Alegría","Alegría","Entretenimiento","Miedo","Tristeza","Miedo","Tristeza","Entretenimiento","Alegría","Miedo","Entretenimiento","Tristeza","Alegría","Entretenimiento","Alegría","Miedo","Tristeza","Tristeza","Miedo","Entretenimiento","Alegría"
"2023/07/21 10:59:40 PM GMT-3","","","","","","Miedo","Alegría","Entretenimiento","Tristeza","Tristeza","Entretenimiento","Alegría","Miedo","Alegría","Entretenimiento","Tristeza","Miedo","Tristeza","Miedo","Alegría","Entretenimiento","Entretenimiento","Alegría","Tristeza","Miedo","Entretenimiento","Alegría","Tristeza","Miedo","Tristeza","Miedo","Alegría","Entretenimiento","Alegría","Miedo","Entretenimiento","Tristeza","Tristeza","Entretenimiento","Alegría","Miedo","Miedo","Tristeza","Alegría","Entretenimiento","Miedo","Tristeza","Alegría","Entretenimiento","Entretenimiento","Alegría","Tristeza","Miedo","Alegría","Entretenimiento","Miedo","Tristeza","Miedo","Entretenimiento","Tristeza","Alegría","Entretenimiento","Tristeza","Miedo","Alegría","Alegría","Entretenimiento","Miedo","Tristeza","Miedo","Tristeza","Entretenimiento","Alegría","Miedo","Alegría","Tristeza","Entretenimiento","Entretenimiento","Alegría","Miedo","Tristeza","Tristeza","Miedo","Entretenimiento","Alegría"
"2023/07/27 12:39:52 AM GMT-3","","","","","","Miedo","Tristeza","Alegría","Entretenimiento","Tristeza","Alegría","Entretenimiento","Miedo","Entretenimiento","Alegría","Tristeza","Miedo","Miedo","Tristeza","Entretenimiento","Alegría","Entretenimiento","Alegría","Tristeza","Miedo","Alegría","Entretenimiento","Tristeza","Miedo","Entretenimiento","Miedo","Tristeza","Alegría","Entretenimiento","Miedo","Alegría","Tristeza","Tristeza","Entretenimiento","Alegría","Miedo","Miedo","Tristeza","Entretenimiento","Alegría","Tristeza","Miedo","Entretenimiento","Alegría","Alegría","Entretenimiento","Miedo","Tristeza","Entretenimiento","Alegría","Miedo","Tristeza","Tristeza","Alegría","Miedo","Entretenimiento","Alegría","Tristeza","Miedo","Entretenimiento","Entretenimiento","Alegría","Miedo","Tristeza","Miedo","Tristeza","Alegría","Entretenimiento","Miedo","Entretenimiento","Tristeza","Alegría","Alegría","Tristeza","Miedo","Entretenimiento","Tristeza","Miedo","Alegría","Entretenimiento"
"2023/10/30 2:18:32 PM GMT-3","22","Universitaria","Ingeniería y Tecnología","Masculino","Chile / Chile","Miedo","Alegría","Entretenimiento","Tristeza","Tristeza","Entretenimiento","Alegría","Miedo","Alegría","Entretenimiento","Miedo","Tristeza","Tristeza","Miedo","Alegría","Entretenimiento","Entretenimiento","Alegría","Tristeza","Miedo","Entretenimiento","Alegría","Miedo","Tristeza","Entretenimiento","Tristeza","Alegría","Miedo","Alegría","Miedo","Entretenimiento","Tristeza","Tristeza","Alegría","Entretenimiento","Miedo","Miedo","Tristeza","Alegría","Entretenimiento","Tristeza","Miedo","Alegría","Entretenimiento","Entretenimiento","Alegría","Tristeza","Miedo","Alegría","Entretenimiento","Miedo","Tristeza","Miedo","Entretenimiento","Tristeza","Alegría","Entretenimiento","Tristeza","Alegría","Miedo","Alegría","Entretenimiento","Miedo","Tristeza","Miedo","Tristeza","Entretenimiento","Alegría","Miedo","Alegría","Tristeza","Entretenimiento","Entretenimiento","Alegría","Miedo","Tristeza","Alegría","Miedo","Entretenimiento","Tristeza"
"2023/10/30 2:49:41 PM GMT-3","43","Postgrado","Ingeniería y Tecnología","Masculino","Chile / Chile","Tristeza","Miedo","Entretenimiento","Alegría","Entretenimiento","Alegría","Miedo","Tristeza","Entretenimiento","Alegría","Miedo","Tristeza","Entretenimiento","Alegría","Miedo","Tristeza","Entretenimiento","Alegría","Miedo","Tristeza","Entretenimiento","Alegría","Miedo","Tristeza","Entretenimiento","Alegría","Miedo","Tristeza","Entretenimiento","Tristeza","Alegría","Miedo","Miedo","Alegría","Entretenimiento","Tristeza","Entretenimiento","Alegría","Miedo","Tristeza","Entretenimiento","Alegría","Miedo","Tristeza","Tristeza","Miedo","Alegría","Entretenimiento","Entretenimiento","Alegría","Miedo","Tristeza","Entretenimiento","Alegría","Miedo","Tristeza","Tristeza","Miedo","Alegría","Entretenimiento","Entretenimiento","Alegría","Miedo","Tristeza","Tristeza","Miedo","Alegría","Entretenimiento","Entretenimiento","Alegría","Miedo","Tristeza","Tristeza","Miedo","Alegría","Entretenimiento","Entretenimiento","Alegría","Miedo","Tristeza"
"2023/10/30 2:51:24 PM GMT-3","33","Postgrado","Ingeniería y Tecnología","Masculino","Chile / Chile","Miedo","Alegría","Entretenimiento","Tristeza","Miedo","Entretenimiento","Alegría","Tristeza","Entretenimiento","Alegría","Tristeza","Miedo","Miedo","Tristeza","Alegría","Entretenimiento","Entretenimiento","Alegría","Tristeza","Miedo","Entretenimiento","Alegría","Tristeza","Miedo","Alegría","Miedo","Tristeza","Entretenimiento","Alegría","Miedo","Entretenimiento","Tristeza","Tristeza","Alegría","Entretenimiento","Miedo","Miedo","Tristeza","Alegría","Entretenimiento","Miedo","Tristeza","Alegría","Entretenimiento","Alegría","Entretenimiento","Miedo","Tristeza","Alegría","Entretenimiento","Miedo","Tristeza","Entretenimiento","Alegría","Miedo","Tristeza","Entretenimiento","Tristeza","Miedo","Alegría","Alegría","Entretenimiento","Tristeza","Miedo","Miedo","Tristeza","Alegría","Entretenimiento","Miedo","Tristeza","Alegría","Entretenimiento","Entretenimiento","Alegría","Miedo","Tristeza","Alegría","Miedo","Entretenimiento","Tristeza"
"2023/10/30 4:01:36 PM GMT-3","32","Postgrado","Ingeniería y Tecnología","Masculino","Chile / Chile","Miedo","Tristeza","Entretenimiento","Alegría","Tristeza","Entretenimiento","Alegría","Miedo","Alegría","Entretenimiento","Tristeza","Miedo","Miedo","Tristeza","Alegría","Entretenimiento","Alegría","Entretenimiento","Tristeza","Miedo","Entretenimiento","Alegría","Tristeza","Miedo","Miedo","Tristeza","Alegría","Entretenimiento","Alegría","Tristeza","Entretenimiento","Miedo","Tristeza","Entretenimiento","Alegría","Miedo","Miedo","Tristeza","Alegría","Entretenimiento","Tristeza","Miedo","Alegría","Entretenimiento","Entretenimiento","Alegría","Tristeza","Miedo","Entretenimiento","Alegría","Miedo","Tristeza","Alegría","Entretenimiento","Miedo","Tristeza","Entretenimiento","Tristeza","Miedo","Alegría","Alegría","Entretenimiento","Miedo","Tristeza","Miedo","Tristeza","Entretenimiento","Alegría","Tristeza","Entretenimiento","Miedo","Alegría","Entretenimiento","Alegría","Tristeza","Miedo","Miedo","Tristeza","Entretenimiento","Alegría"
"2023/10/30 4:35:20 PM GMT-3","41","Postgrado","Ingeniería y Tecnología","Masculino","Chile / Chile","Miedo","Alegría","Entretenimiento","Tristeza","Tristeza","Entretenimiento","Alegría","Miedo","Entretenimiento","Alegría","Tristeza","Miedo","Miedo","Tristeza","Entretenimiento","Alegría","Entretenimiento","Alegría","Tristeza","Miedo","Entretenimiento","Alegría","Tristeza","Miedo","Tristeza","Miedo","Alegría","Entretenimiento","Tristeza","Miedo","Alegría","Entretenimiento","Tristeza","Entretenimiento","Alegría","Miedo","Tristeza","Miedo","Alegría","Entretenimiento","Miedo","Tristeza","Alegría","Entretenimiento","Entretenimiento","Alegría","Tristeza","Miedo","Alegría","Entretenimiento","Miedo","Tristeza","Tristeza","Entretenimiento","Alegría","Miedo","Entretenimiento","Tristeza","Miedo","Alegría","Tristeza","Miedo","Alegría","Entretenimiento","Miedo","Tristeza","Entretenimiento","Alegría","Miedo","Entretenimiento","Tristeza","Alegría","Alegría","Entretenimiento","Tristeza","Miedo","Alegría","Tristeza","Entretenimiento","Miedo"
"2023/10/30 6:45:07 PM GMT-3","26","Universitaria","Ingeniería y Tecnología","Masculino","Chile / Chile","Miedo","Entretenimiento","Alegría","Tristeza","Tristeza","Entretenimiento","Alegría","Miedo","Entretenimiento","Alegría","Miedo","Tristeza","Miedo","Tristeza","Alegría","Entretenimiento","Entretenimiento","Alegría","Tristeza","Miedo","Entretenimiento","Alegría","Tristeza","Miedo","Entretenimiento","Tristeza","Miedo","Alegría","Entretenimiento","Miedo","Alegría","Tristeza","Miedo","Alegría","Entretenimiento","Tristeza","Tristeza","Miedo","Alegría","Entretenimiento","Miedo","Tristeza","Alegría","Entretenimiento","Entretenimiento","Alegría","Miedo","Tristeza","Entretenimiento","Alegría","Miedo","Tristeza","Tristeza","Entretenimiento","Miedo","Alegría","Entretenimiento","Miedo","Tristeza","Alegría","Entretenimiento","Alegría","Tristeza","Miedo","Tristeza","Miedo","Alegría","Entretenimiento","Miedo","Entretenimiento","Alegría","Tristeza","Entretenimiento","Alegría","Tristeza","Miedo","Tristeza","Miedo","Entretenimiento","Alegría"
"2023/10/30 8:22:48 PM GMT-3","32","Universitaria","Ingeniería y Tecnología","Masculino","Chile / Chile","Tristeza","Entretenimiento","Alegría","Miedo","Tristeza","Entretenimiento","Alegría","Miedo","Alegría","Entretenimiento","Tristeza","Miedo","Miedo","Tristeza","Alegría","Entretenimiento","Alegría","Entretenimiento","Tristeza","Miedo","Entretenimiento","Alegría","Tristeza","Miedo","Tristeza","Entretenimiento","Alegría","Miedo","Alegría","Miedo","Entretenimiento","Tristeza","Tristeza","Entretenimiento","Alegría","Miedo","Tristeza","Miedo","Entretenimiento","Alegría","Miedo","Tristeza","Alegría","Entretenimiento","Entretenimiento","Alegría","Tristeza","Miedo","Entretenimiento","Miedo","Alegría","Tristeza","Miedo","Entretenimiento","Tristeza","Alegría","Entretenimiento","Tristeza","Miedo","Alegría","Alegría","Entretenimiento","Miedo","Tristeza","Miedo","Tristeza","Alegría","Entretenimiento","Miedo","Entretenimiento","Tristeza","Alegría","Entretenimiento","Miedo","Tristeza","Alegría","Alegría","Miedo","Entretenimiento","Tristeza"
"2023/10/30 8:55:41 PM GMT-3","30","Universitaria","Ingeniería y Tecnología","Masculino","Chile / Chile","Miedo","Tristeza","Entretenimiento","Alegría","Tristeza","Entretenimiento","Alegría","Miedo","Alegría","Entretenimiento","Tristeza","Miedo","Miedo","Tristeza","Entretenimiento","Alegría","Alegría","Entretenimiento","Miedo","Tristeza","Entretenimiento","Alegría","Tristeza","Miedo","Alegría","Miedo","Tristeza","Entretenimiento","Alegría","Miedo","Entretenimiento","Tristeza","Tristeza","Alegría","Entretenimiento","Miedo","Miedo","Tristeza","Entretenimiento","Alegría","Entretenimiento","Tristeza","Miedo","Alegría","Alegría","Entretenimiento","Tristeza","Miedo","Alegría","Entretenimiento","Miedo","Tristeza","Miedo","Alegría","Tristeza","Entretenimiento","Entretenimiento","Tristeza","Miedo","Alegría","Alegría","Entretenimiento","Miedo","Tristeza","Tristeza","Miedo","Alegría","Entretenimiento","Miedo","Tristeza","Entretenimiento","Alegría","Entretenimiento","Alegría","Tristeza","Miedo","Alegría","Miedo","Entretenimiento","Tristeza"
"2023/10/30 10:31:29 PM GMT-3","24","Postgrado","Ingeniería y Tecnología","Masculino","Chile / Chile","Tristeza","Alegría","Entretenimiento","Miedo","Tristeza","Entretenimiento","Alegría","Miedo","Alegría","Entretenimiento","Tristeza","Miedo","Miedo","Tristeza","Alegría","Entretenimiento","Entretenimiento","Alegría","Tristeza","Miedo","Entretenimiento","Alegría","Tristeza","Miedo","Tristeza","Miedo","Alegría","Entretenimiento","Alegría","Miedo","Entretenimiento","Tristeza","Tristeza","Entretenimiento","Alegría","Miedo","Tristeza","Miedo","Alegría","Entretenimiento","Miedo","Tristeza","Alegría","Entretenimiento","Entretenimiento","Alegría","Tristeza","Miedo","Alegría","Entretenimiento","Tristeza","Miedo","Miedo","Entretenimiento","Tristeza","Alegría","Entretenimiento","Tristeza","Miedo","Alegría","Alegría","Entretenimiento","Tristeza","Miedo","Miedo","Tristeza","Entretenimiento","Alegría","Miedo","Alegría","Tristeza","Entretenimiento","Entretenimiento","Alegría","Miedo","Tristeza","Tristeza","Miedo","Entretenimiento","Alegría"
"2023/10/31 8:39:41 AM GMT-3","21","Secundaria","Humanidades","Femenino","España / Spain","Tristeza","Entretenimiento","Alegría","Miedo","Entretenimiento","Alegría","Miedo","Tristeza","Entretenimiento","Alegría","Tristeza","Miedo","Alegría","Tristeza","Miedo","Entretenimiento","Entretenimiento","Tristeza","Alegría","Miedo","Entretenimiento","Alegría","Miedo","Tristeza","Tristeza","Miedo","Alegría","Entretenimiento","Entretenimiento","Tristeza","Alegría","Miedo","Alegría","Entretenimiento","Miedo","Tristeza","Entretenimiento","Alegría","Tristeza","Miedo","Entretenimiento","Alegría","Tristeza","Miedo","Entretenimiento","Alegría","Miedo","Tristeza","Alegría","Entretenimiento","Tristeza","Miedo","Miedo","Entretenimiento","Tristeza","Alegría","Entretenimiento","Miedo","Tristeza","Alegría","Tristeza","Entretenimiento","Alegría","Miedo","Entretenimiento","Miedo","Tristeza","Alegría","Entretenimiento","Tristeza","Miedo","Alegría","Entretenimiento","Alegría","Miedo","Tristeza","Tristeza","Miedo","Entretenimiento","Alegría"
"2023/10/31 2:11:46 PM GMT-3","22","Secundaria","Humanidades","Femenino","España / Spain","Tristeza","Alegría","Miedo","Entretenimiento","Tristeza","Alegría","Entretenimiento","Miedo","Alegría","Entretenimiento","Tristeza","Miedo","Entretenimiento","Tristeza","Miedo","Alegría","Alegría","Entretenimiento","Tristeza","Miedo","Entretenimiento","Alegría","Tristeza","Miedo","Tristeza","Miedo","Entretenimiento","Alegría","Alegría","Miedo","Entretenimiento","Tristeza","Tristeza","Alegría","Entretenimiento","Miedo","Miedo","Tristeza","Entretenimiento","Alegría","Miedo","Tristeza","Entretenimiento","Alegría","Entretenimiento","Alegría","Tristeza","Miedo","Entretenimiento","Alegría","Miedo","Tristeza","Miedo","Entretenimiento","Tristeza","Alegría","Entretenimiento","Tristeza","Miedo","Alegría","Entretenimiento","Alegría","Miedo","Tristeza","Miedo","Tristeza","Alegría","Entretenimiento","Miedo","Entretenimiento","Tristeza","Alegría","Entretenimiento","Alegría","Miedo","Tristeza","Tristeza","Miedo","Alegría","Entretenimiento"
"2023/11/01 9:47:23 AM GMT-3","22","Universitaria","Ciencias Sociales","Femenino","España / Spain","Miedo","Entretenimiento","Alegría","Tristeza","Tristeza","Alegría","Entretenimiento","Miedo","Entretenimiento","Alegría","Tristeza","Miedo","Alegría","Tristeza","Entretenimiento","Miedo","Entretenimiento","Alegría","Tristeza","Miedo","Entretenimiento","Alegría","Tristeza","Miedo","Entretenimiento","Miedo","Tristeza","Alegría","Entretenimiento","Miedo","Alegría","Tristeza","Tristeza","Entretenimiento","Alegría","Miedo","Miedo","Tristeza","Alegría","Entretenimiento","Tristeza","Miedo","Alegría","Entretenimiento","Alegría","Entretenimiento","Miedo","Tristeza","Entretenimiento","Alegría","Miedo","Tristeza","Entretenimiento","Alegría","Miedo","Tristeza","Entretenimiento","Tristeza","Miedo","Alegría","Tristeza","Alegría","Entretenimiento","Miedo","Miedo","Tristeza","Alegría","Entretenimiento","Miedo","Tristeza","Entretenimiento","Alegría","Alegría","Entretenimiento","Miedo","Tristeza","Miedo","Tristeza","Alegría","Entretenimiento"
"2023/11/03 12:24:50 PM GMT-3","23","Universitaria","Ingeniería y Tecnología","Masculino","Chile / Chile","Miedo","Tristeza","Entretenimiento","Alegría","Entretenimiento","Miedo","Alegría","Tristeza","Alegría","Entretenimiento","Tristeza","Miedo","Tristeza","Miedo","Alegría","Entretenimiento","Entretenimiento","Alegría","Tristeza","Miedo","Miedo","Entretenimiento","Alegría","Tristeza","Alegría","Tristeza","Entretenimiento","Miedo","Alegría","Tristeza","Miedo","Entretenimiento","Entretenimiento","Tristeza","Alegría","Miedo","Miedo","Tristeza","Alegría","Entretenimiento","Entretenimiento","Tristeza","Alegría","Miedo","Entretenimiento","Alegría","Tristeza","Miedo","Entretenimiento","Alegría","Miedo","Tristeza","Tristeza","Miedo","Entretenimiento","Alegría","Entretenimiento","Tristeza","Miedo","Alegría","Alegría","Entretenimiento","Miedo","Tristeza","Miedo","Tristeza","Entretenimiento","Alegría","Miedo","Alegría","Tristeza","Entretenimiento","Entretenimiento","Alegría","Miedo","Tristeza","Tristeza","Entretenimiento","Miedo","Alegría"
"2023/11/07 8:32:17 AM GMT-3","22","Secundaria","Ciencias Sociales","Femenino","España / Spain","Miedo","Alegría","Entretenimiento","Tristeza","Tristeza","Entretenimiento","Alegría","Miedo","Alegría","Entretenimiento","Tristeza","Miedo","Miedo","Tristeza","Alegría","Entretenimiento","Alegría","Entretenimiento","Tristeza","Miedo","Entretenimiento","Alegría","Miedo","Tristeza","Alegría","Miedo","Tristeza","Entretenimiento","Alegría","Miedo","Entretenimiento","Tristeza","Tristeza","Alegría","Entretenimiento","Miedo","Miedo","Tristeza","Alegría","Entretenimiento","Miedo","Tristeza","Alegría","Entretenimiento","Entretenimiento","Alegría","Tristeza","Miedo","Alegría","Entretenimiento","Miedo","Tristeza","Miedo","Entretenimiento","Tristeza","Alegría","Entretenimiento","Tristeza","Miedo","Alegría","Alegría","Entretenimiento","Miedo","Tristeza","Miedo","Tristeza","Entretenimiento","Alegría","Miedo","Alegría","Tristeza","Entretenimiento","Entretenimiento","Alegría","Tristeza","Miedo","Alegría","Miedo","Entretenimiento","Tristeza"
"2023/11/07 8:33:02 AM GMT-3","39","Universitaria","Ingeniería y Tecnología","Masculino","Italia / Italy","Miedo","Tristeza","Entretenimiento","Alegría","Tristeza","Entretenimiento","Alegría","Miedo","Alegría","Entretenimiento","Miedo","Tristeza","Alegría","Tristeza","Entretenimiento","Miedo","Alegría","Entretenimiento","Miedo","Tristeza","Entretenimiento","Alegría","Tristeza","Miedo","Entretenimiento","Miedo","Tristeza","Alegría","Entretenimiento","Miedo","Alegría","Tristeza","Tristeza","Alegría","Entretenimiento","Miedo","Tristeza","Alegría","Entretenimiento","Miedo","Miedo","Tristeza","Entretenimiento","Alegría","Miedo","Entretenimiento","Alegría","Tristeza","Entretenimiento","Alegría","Miedo","Tristeza","Miedo","Entretenimiento","Tristeza","Alegría","Tristeza","Alegría","Miedo","Entretenimiento","Alegría","Entretenimiento","Miedo","Tristeza","Miedo","Tristeza","Alegría","Entretenimiento","Miedo","Alegría","Tristeza","Entretenimiento","Entretenimiento","Alegría","Miedo","Tristeza","Tristeza","Miedo","Entretenimiento","Alegría"
"2023/11/07 9:17:02 AM GMT-3","33","Postgrado","Ciencias Sociales","Femenino","España / Spain","Miedo","Alegría","Entretenimiento","Tristeza","Tristeza","Entretenimiento","Alegría","Miedo","Alegría","Entretenimiento","Tristeza","Miedo","Miedo","Tristeza","Entretenimiento","Alegría","Entretenimiento","Alegría","Tristeza","Miedo","Miedo","Alegría","Tristeza","Entretenimiento","Tristeza","Miedo","Entretenimiento","Alegría","Alegría","Tristeza","Miedo","Entretenimiento","Miedo","Entretenimiento","Alegría","Tristeza","Miedo","Tristeza","Alegría","Entretenimiento","Miedo","Tristeza","Entretenimiento","Alegría","Alegría","Entretenimiento","Tristeza","Miedo","Entretenimiento","Miedo","Alegría","Tristeza","Miedo","Entretenimiento","Tristeza","Alegría","Entretenimiento","Tristeza","Miedo","Alegría","Entretenimiento","Alegría","Miedo","Tristeza","Miedo","Tristeza","Alegría","Entretenimiento","Miedo","Entretenimiento","Tristeza","Alegría","Miedo","Alegría","Entretenimiento","Tristeza","Tristeza","Miedo","Entretenimiento","Alegría"
"2023/11/07 12:08:59 PM GMT-3","42","Postgrado","Ingeniería y Tecnología","Masculino","Rumanía / Romania","Miedo","Tristeza","Entretenimiento","Alegría","Tristeza","Entretenimiento","Alegría","Miedo","Entretenimiento","Alegría","Miedo","Tristeza","Entretenimiento","Tristeza","Miedo","Alegría","Entretenimiento","Alegría","Miedo","Tristeza","Alegría","Entretenimiento","Tristeza","Miedo","Entretenimiento","Miedo","Alegría","Tristeza","Entretenimiento","Tristeza","Miedo","Alegría","Alegría","Miedo","Tristeza","Entretenimiento","Tristeza","Miedo","Alegría","Entretenimiento","Tristeza","Miedo","Alegría","Entretenimiento","Entretenimiento","Alegría","Miedo","Tristeza","Miedo","Alegría","Tristeza","Entretenimiento","Tristeza","Entretenimiento","Miedo","Alegría","Alegría","Entretenimiento","Miedo","Tristeza","Alegría","Entretenimiento","Miedo","Tristeza","Miedo","Tristeza","Alegría","Entretenimiento","Entretenimiento","Alegría","Miedo","Tristeza","Alegría","Entretenimiento","Miedo","Tristeza","Entretenimiento","Alegría","Miedo","Tristeza"
"2023/11/07 12:32:32 PM GMT-3","55","Postgrado","Ingeniería y Tecnología","Masculino","Italia / Italy","Miedo","Alegría","Entretenimiento","Tristeza","Entretenimiento","Alegría","Miedo","Tristeza","Entretenimiento","Alegría","Tristeza","Miedo","Miedo","Tristeza","Entretenimiento","Alegría","Alegría","Entretenimiento","Miedo","Tristeza","Alegría","Entretenimiento","Tristeza","Miedo","Entretenimiento","Miedo","Tristeza","Alegría","Entretenimiento","Miedo","Alegría","Tristeza","Tristeza","Miedo","Alegría","Entretenimiento","Miedo","Tristeza","Entretenimiento","Alegría","Miedo","Tristeza","Entretenimiento","Alegría","Alegría","Entretenimiento","Tristeza","Miedo","Entretenimiento","Alegría","Tristeza","Miedo","Miedo","Alegría","Tristeza","Entretenimiento","Alegría","Tristeza","Miedo","Entretenimiento","Entretenimiento","Alegría","Miedo","Tristeza","Miedo","Tristeza","Alegría","Entretenimiento","Miedo","Tristeza","Entretenimiento","Alegría","Alegría","Entretenimiento","Miedo","Tristeza","Miedo","Tristeza","Alegría","Entretenimiento"
"2023/11/07 12:51:50 PM GMT-3","41","Postgrado","Ninguno","Femenino","Italia / Italy","Miedo","Alegría","Entretenimiento","Tristeza","Tristeza","Entretenimiento","Alegría","Miedo","Alegría","Entretenimiento","Tristeza","Miedo","Miedo","Tristeza","Entretenimiento","Alegría","Entretenimiento","Alegría","Tristeza","Miedo","Entretenimiento","Alegría","Tristeza","Miedo","Entretenimiento","Miedo","Tristeza","Alegría","Alegría","Miedo","Entretenimiento","Tristeza","Tristeza","Entretenimiento","Alegría","Miedo","Tristeza","Miedo","Entretenimiento","Alegría","Miedo","Tristeza","Alegría","Entretenimiento","Alegría","Entretenimiento","Miedo","Tristeza","Entretenimiento","Alegría","Miedo","Tristeza","Miedo","Entretenimiento","Tristeza","Alegría","Entretenimiento","Tristeza","Miedo","Alegría","Entretenimiento","Alegría","Miedo","Tristeza","Miedo","Tristeza","Alegría","Entretenimiento","Miedo","Entretenimiento","Tristeza","Alegría","Entretenimiento","Alegría","Miedo","Tristeza","Tristeza","Miedo","Entretenimiento","Alegría"
"2023/11/07 2:07:19 PM GMT-3","24","Postgrado","Ingeniería y Tecnología","Masculino","Chile / Chile","Miedo","Entretenimiento","Alegría","Miedo","Entretenimiento","Alegría","Alegría","Miedo","Entretenimiento","Alegría","Entretenimiento","Miedo","Entretenimiento","Miedo","Alegría","Alegría","Alegría","Alegría","Entretenimiento","Miedo","Alegría","Alegría","Alegría","Miedo","Miedo","Miedo","Miedo","Entretenimiento","Entretenimiento","Miedo","Miedo","Miedo","Miedo","Entretenimiento","Entretenimiento","Miedo","Entretenimiento","Entretenimiento","Alegría","Alegría","Miedo","Miedo","Miedo","Entretenimiento","Alegría","Alegría","Alegría","Alegría","Entretenimiento","Alegría","Entretenimiento","Entretenimiento","Miedo","Entretenimiento","Miedo","Miedo","Entretenimiento","Miedo","Miedo","Alegría","Entretenimiento","Entretenimiento","Entretenimiento","Entretenimiento","Miedo","Entretenimiento","Alegría","Entretenimiento","Miedo","Miedo","Miedo","Entretenimiento","Alegría","Alegría","Miedo","Alegría","Entretenimiento","Miedo","Alegría","Entretenimiento"
"2023/11/07 2:11:12 PM GMT-3","30","Universitaria","Ingeniería y Tecnología","Masculino","Chile / Chile","Tristeza","Tristeza","Miedo","Tristeza","Miedo","Miedo","Alegría","Tristeza","Entretenimiento","Alegría","Tristeza","Miedo","Entretenimiento","Entretenimiento","Alegría","Alegría","Entretenimiento","Entretenimiento","Miedo","Tristeza","Entretenimiento","Alegría","Miedo","Tristeza","Miedo","Miedo","Miedo","Miedo","Entretenimiento","Miedo","Tristeza","Tristeza","Tristeza","Miedo","Miedo","Tristeza","Tristeza","Tristeza","Alegría","Alegría","Miedo","Miedo","Miedo","Alegría","Alegría","Alegría","Alegría","Alegría","Alegría","Miedo","Miedo","Entretenimiento","Miedo","Miedo","Miedo","Miedo","Miedo","Tristeza","Tristeza","Alegría","Entretenimiento","Miedo","Tristeza","Tristeza","Miedo","Tristeza","Alegría","Entretenimiento","Tristeza","Tristeza","Tristeza","Entretenimiento","Entretenimiento","Alegría","Alegría","Alegría","Entretenimiento","Entretenimiento","Miedo","Entretenimiento"
"2023/11/07 2:12:08 PM GMT-3","23","Postgrado","Ingeniería y Tecnología","Femenino","Argentina / Argentina","Miedo","Alegría","Entretenimiento","Tristeza","Tristeza","Entretenimiento","Alegría","Miedo","Alegría","Entretenimiento","Tristeza","Miedo","Miedo","Tristeza","Alegría","Entretenimiento","Entretenimiento","Alegría","Tristeza","Miedo","Entretenimiento","Alegría","Tristeza","Miedo","Entretenimiento","Tristeza","Alegría","Miedo","Alegría","Miedo","Entretenimiento","Tristeza","Tristeza","Entretenimiento","Alegría","Miedo","Miedo","Tristeza","Entretenimiento","Alegría","Miedo","Tristeza","Entretenimiento","Alegría","Entretenimiento","Alegría","Tristeza","Miedo","Entretenimiento","Miedo","Miedo","Tristeza","Tristeza","Alegría","Miedo","Entretenimiento","Entretenimiento","Tristeza","Miedo","Alegría","Tristeza","Entretenimiento","Miedo","Alegría","Miedo","Tristeza","Entretenimiento","Alegría","Miedo","Alegría","Tristeza","Entretenimiento","Alegría","Entretenimiento","Tristeza","Miedo","Tristeza","Miedo","Entretenimiento","Alegría"
"2023/11/07 2:27:32 PM GMT-3","23","Universitaria","Ingeniería y Tecnología","Masculino","Chile / Chile","Tristeza","Miedo","Alegría","Entretenimiento","Miedo","Alegría","Entretenimiento","Tristeza","Entretenimiento","Alegría","Tristeza","Miedo","Alegría","Miedo","Entretenimiento","Tristeza","Alegría","Entretenimiento","Miedo","Tristeza","Entretenimiento","Alegría","Tristeza","Miedo","Alegría","Entretenimiento","Miedo","Tristeza","Entretenimiento","Alegría","Miedo","Tristeza","Tristeza","Miedo","Alegría","Entretenimiento","Tristeza","Alegría","Miedo","Entretenimiento","Entretenimiento","Tristeza","Alegría","Miedo","Entretenimiento","Miedo","Alegría","Tristeza","Miedo","Alegría","Tristeza","Entretenimiento","Entretenimiento","Alegría","Tristeza","Miedo","Entretenimiento","Miedo","Alegría","Tristeza","Entretenimiento","Miedo","Tristeza","Alegría","Tristeza","Miedo","Entretenimiento","Alegría","Tristeza","Alegría","Miedo","Entretenimiento","Entretenimiento","Tristeza","Miedo","Alegría","Entretenimiento","Miedo","Alegría","Tristeza"
"2023/11/07 2:34:38 PM GMT-3","54","Postgrado","Ingeniería y Tecnología","Masculino","Grecia / Greece","Tristeza","Alegría","Entretenimiento","Alegría","Tristeza","Entretenimiento","Alegría","Tristeza","Alegría","Tristeza","Tristeza","Tristeza","Tristeza","Tristeza","Alegría","Alegría","Alegría","Alegría","Alegría","Tristeza","Entretenimiento","Entretenimiento","Alegría","Alegría","Tristeza","Miedo","Tristeza","Alegría","Alegría","Tristeza","Alegría","Tristeza","Alegría","Alegría","Alegría","Alegría","Tristeza","Alegría","Alegría","Alegría","Alegría","Alegría","Alegría","Alegría","Alegría","Alegría","Alegría","Alegría","Miedo","Alegría","Miedo","Miedo","Alegría","Alegría","Alegría","Alegría","Entretenimiento","Tristeza","Tristeza","Alegría","Entretenimiento","Entretenimiento","Entretenimiento","Entretenimiento","Alegría","Alegría","Alegría","Alegría","Tristeza","Alegría","Alegría","Alegría","Alegría","Alegría","Alegría","Alegría","Alegría","Tristeza","Alegría","Alegría"
"2023/11/07 2:58:34 PM GMT-3","25","Postgrado","Ingeniería y Tecnología","Masculino","Chile / Chile","Tristeza","Alegría","Miedo","Entretenimiento","Entretenimiento","Miedo","Alegría","Tristeza","Alegría","Tristeza","Miedo","Entretenimiento","Miedo","Tristeza","Alegría","Entretenimiento","Miedo","Alegría","Entretenimiento","Tristeza","Entretenimiento","Alegría","Miedo","Tristeza","Alegría","Entretenimiento","Tristeza","Miedo","Alegría","Tristeza","Miedo","Entretenimiento","Entretenimiento","Miedo","Alegría","Tristeza","Miedo","Tristeza","Entretenimiento","Alegría","Tristeza","Miedo","Entretenimiento","Alegría","Miedo","Alegría","Entretenimiento","Tristeza","Alegría","Miedo","Tristeza","Entretenimiento","Entretenimiento","Alegría","Miedo","Tristeza","Entretenimiento","Tristeza","Miedo","Alegría","Alegría","Miedo","Tristeza","Entretenimiento","Miedo","Tristeza","Alegría","Entretenimiento","Miedo","Tristeza","Entretenimiento","Alegría","Entretenimiento","Alegría","Miedo","Tristeza","Entretenimiento","Tristeza","Miedo","Alegría"
"2023/11/07 6:23:07 PM GMT-3","43","Postgrado","Ingeniería y Tecnología","Masculino","Chile / Chile","Miedo","Tristeza","Alegría","Entretenimiento","Tristeza","Alegría","Alegría","Tristeza","Alegría","Alegría","Alegría","Alegría","Entretenimiento","Alegría","Alegría","Alegría","Entretenimiento","Alegría","Alegría","Tristeza","Entretenimiento","Alegría","Alegría","Alegría","Miedo","Miedo","Miedo","Entretenimiento","Tristeza","Miedo","Tristeza","Tristeza","Tristeza","Tristeza","Tristeza","Miedo","Tristeza","Tristeza","Tristeza","Tristeza","Tristeza","Tristeza","Tristeza","Tristeza","Alegría","Alegría","Alegría","Tristeza","Alegría","Entretenimiento","Alegría","Alegría","Miedo","Miedo","Miedo","Miedo","Alegría","Alegría","Miedo","Tristeza","Alegría","Miedo","Miedo","Alegría","Miedo","Tristeza","Alegría","Tristeza","Miedo","Tristeza","Tristeza","Alegría","Alegría","Alegría","Alegría","Alegría","Alegría","Alegría","Alegría","Alegría"
"2023/11/07 8:04:40 PM GMT-3","30","Universitaria","Ingeniería y Tecnología","Masculino","Chile / Chile","Miedo","Alegría","Tristeza","Alegría","Miedo","Miedo","Alegría","Tristeza","Alegría","Alegría","Tristeza","Miedo","Tristeza","Alegría","Alegría","Entretenimiento","Alegría","Alegría","Tristeza","Miedo","Entretenimiento","Alegría","Tristeza","Tristeza","Miedo","Miedo","Miedo","Miedo","Tristeza","Miedo","Miedo","Tristeza","Tristeza","Tristeza","Miedo","Tristeza","Tristeza","Miedo","Alegría","Alegría","Tristeza","Miedo","Alegría","Alegría","Alegría","Alegría","Alegría","Alegría","Alegría","Entretenimiento","Miedo","Miedo","Tristeza","Alegría","Miedo","Tristeza","Entretenimiento","Tristeza","Miedo","Alegría","Alegría","Alegría","Tristeza","Tristeza","Miedo","Tristeza","Alegría","Tristeza","Miedo","Alegría","Tristeza","Alegría","Entretenimiento","Entretenimiento","Tristeza","Alegría","Alegría","Miedo","Entretenimiento","Entretenimiento"
"2023/11/07 8:21:15 PM GMT-3","27","Universitaria","Ingeniería y Tecnología","Masculino","Chile / Chile","Tristeza","Miedo","Miedo","Miedo","Miedo","Entretenimiento","Alegría","Miedo","Alegría","Entretenimiento","Tristeza","Miedo","Alegría","Alegría","Alegría","Entretenimiento","Entretenimiento","Alegría","Tristeza","Miedo","Alegría","Entretenimiento","Entretenimiento","Alegría","Entretenimiento","Miedo","Entretenimiento","Tristeza","Alegría","Tristeza","Entretenimiento","Tristeza","Tristeza","Entretenimiento","Alegría","Miedo","Tristeza","Tristeza","Alegría","Entretenimiento","Tristeza","Tristeza","Tristeza","Alegría","Entretenimiento","Entretenimiento","Entretenimiento","Miedo","Entretenimiento","Alegría","Miedo","Tristeza","Tristeza","Entretenimiento","Tristeza","Alegría","Entretenimiento","Miedo","Miedo","Alegría","Tristeza","Entretenimiento","Tristeza","Alegría","Miedo","Tristeza","Entretenimiento","Tristeza","Miedo","Alegría","Tristeza","Alegría","Entretenimiento","Alegría","Miedo","Alegría","Tristeza","Miedo","Entretenimiento","Tristeza"
"2023/11/08 9:55:35 AM GMT-3","38","Postgrado","Ingeniería y Tecnología","Masculino","Venezuela / Venezuela","Miedo","Alegría","Alegría","Alegría","Tristeza","Alegría","Entretenimiento","Miedo","Entretenimiento","Alegría","Miedo","Tristeza","Alegría","Alegría","Alegría","Alegría","Entretenimiento","Alegría","Tristeza","Miedo","Alegría","Entretenimiento","Miedo","Miedo","Miedo","Miedo","Miedo","Miedo","Alegría","Miedo","Entretenimiento","Tristeza","Miedo","Miedo","Miedo","Tristeza","Tristeza","Tristeza","Entretenimiento","Miedo","Tristeza","Tristeza","Tristeza","Alegría","Alegría","Entretenimiento","Entretenimiento","Entretenimiento","Entretenimiento","Alegría","Entretenimiento","Tristeza","Tristeza","Alegría","Miedo","Tristeza","Alegría","Tristeza","Tristeza","Entretenimiento","Tristeza","Alegría","Tristeza","Tristeza","Miedo","Miedo","Entretenimiento","Miedo","Miedo","Alegría","Miedo","Tristeza","Entretenimiento","Alegría","Entretenimiento","Entretenimiento","Tristeza","Miedo","Alegría","Entretenimiento"
"2023/11/08 4:20:43 PM GMT-3","31","Postgrado","Ciencias Naturales","Masculino","Chile / Chile","Tristeza","Alegría","Tristeza","Tristeza","Entretenimiento","Entretenimiento","Alegría","Miedo","Alegría","Alegría","Tristeza","Tristeza","Alegría","Alegría","Alegría","Entretenimiento","Alegría","Entretenimiento","Miedo","Tristeza","Alegría","Entretenimiento","Entretenimiento","Tristeza","Alegría","Alegría","Miedo","Tristeza","Alegría","Entretenimiento","Miedo","Tristeza","Alegría","Entretenimiento","Tristeza","Miedo","Alegría","Alegría","Alegría","Alegría","Tristeza","Tristeza","Tristeza","Tristeza","Alegría","Alegría","Entretenimiento","Alegría","Entretenimiento","Entretenimiento","Miedo","Miedo","Tristeza","Tristeza","Tristeza","Tristeza","Entretenimiento","Tristeza","Tristeza","Alegría","Tristeza","Tristeza","Tristeza","Tristeza","Tristeza","Tristeza","Alegría","Tristeza","Alegría","Entretenimiento","Entretenimiento","Alegría","Entretenimiento","Entretenimiento","Entretenimiento","Entretenimiento","Miedo","Miedo","Miedo","Miedo"
"2023/11/09 10:45:50 AM GMT-3","24","Universitaria","Ingeniería y Tecnología","Masculino","Chile / Chile","Miedo","Tristeza","Entretenimiento","Alegría","Tristeza","Entretenimiento","Alegría","Miedo","Alegría","Entretenimiento","Miedo","Miedo","Miedo","Miedo","Miedo","Miedo","Tristeza","Tristeza","Miedo","Miedo","Entretenimiento","Alegría","Tristeza","Miedo","Tristeza","Miedo","Alegría","Entretenimiento","Tristeza","Miedo","Entretenimiento","Tristeza","Tristeza","Miedo","Alegría","Miedo","Tristeza","Tristeza","Miedo","Tristeza","Miedo","Miedo","Miedo","Alegría","Alegría","Alegría","Tristeza","Miedo","Alegría","Entretenimiento","Miedo","Miedo","Miedo","Miedo","Miedo","Miedo","Entretenimiento","Miedo","Miedo","Alegría","Tristeza","Entretenimiento","Miedo","Tristeza","Miedo","Miedo","Alegría","Tristeza","Miedo","Alegría","Tristeza","Alegría","Entretenimiento","Alegría","Miedo","Tristeza","Alegría","Miedo","Entretenimiento","Alegría"
"2023/11/09 11:44:51 AM GMT-3","36","Postgrado","Ciencias Sociales","Masculino","Chile / Chile","Miedo","Alegría","Entretenimiento","Tristeza","Tristeza","Entretenimiento","Alegría","Miedo","Alegría","Entretenimiento","Miedo","Tristeza","Tristeza","Tristeza","Alegría","Entretenimiento","Alegría","Tristeza","Tristeza","Miedo","Entretenimiento","Alegría","Tristeza","Tristeza","Tristeza","Miedo","Alegría","Miedo","Tristeza","Miedo","Miedo","Tristeza","Tristeza","Alegría","Tristeza","Miedo","Tristeza","Tristeza","Alegría","Alegría","Tristeza","Tristeza","Tristeza","Tristeza","Entretenimiento","Alegría","Alegría","Tristeza","Alegría","Entretenimiento","Miedo","Tristeza","Tristeza","Alegría","Tristeza","Tristeza","Alegría","Tristeza","Miedo","Alegría","Alegría","Alegría","Tristeza","Tristeza","Miedo","Tristeza","Alegría","Alegría","Miedo","Alegría","Tristeza","Alegría","Entretenimiento","Alegría","Tristeza","Alegría","Alegría","Miedo","Entretenimiento","Alegría"
"2023/11/09 10:41:13 PM GMT-3","37","Postgrado","Ingeniería y Tecnología","Masculino","Chile / Chile","Miedo","Tristeza","Entretenimiento","Alegría","Tristeza","Entretenimiento","Alegría","Miedo","Entretenimiento","Alegría","Tristeza","Miedo","Miedo","Tristeza","Alegría","Entretenimiento","Entretenimiento","Alegría","Tristeza","Miedo","Entretenimiento","Alegría","Tristeza","Miedo","Tristeza","Miedo","Alegría","Miedo","Alegría","Miedo","Entretenimiento","Tristeza","Tristeza","Alegría","Entretenimiento","Miedo","Miedo","Tristeza","Alegría","Entretenimiento","Miedo","Tristeza","Alegría","Entretenimiento","Entretenimiento","Alegría","Tristeza","Miedo","Alegría","Entretenimiento","Miedo","Tristeza","Tristeza","Entretenimiento","Miedo","Alegría","Entretenimiento","Tristeza","Miedo","Alegría","Alegría","Entretenimiento","Miedo","Tristeza","Miedo","Tristeza","Entretenimiento","Alegría","Miedo","Alegría","Tristeza","Entretenimiento","Entretenimiento","Alegría","Miedo","Tristeza","Tristeza","Miedo","Entretenimiento","Alegría"
"2023/11/14 10:08:19 AM GMT-3","21","Secundaria","Ciencias Sociales","Femenino","España / Spain","Miedo","Entretenimiento","Alegría","Tristeza","Tristeza","Alegría","Entretenimiento","Miedo","Alegría","Entretenimiento","Tristeza","Miedo","Tristeza","Miedo","Entretenimiento","Alegría","Alegría","Entretenimiento","Tristeza","Miedo","Alegría","Entretenimiento","Miedo","Tristeza","Tristeza","Miedo","Entretenimiento","Alegría","Entretenimiento","Miedo","Alegría","Tristeza","Entretenimiento","Miedo","Alegría","Tristeza","Miedo","Tristeza","Entretenimiento","Alegría","Miedo","Tristeza","Entretenimiento","Alegría","Alegría","Entretenimiento","Entretenimiento","Tristeza","Entretenimiento","Alegría","Entretenimiento","Tristeza","Miedo","Alegría","Miedo","Entretenimiento","Entretenimiento","Tristeza","Miedo","Alegría","Entretenimiento","Alegría","Tristeza","Miedo","Miedo","Tristeza","Alegría","Entretenimiento","Tristeza","Entretenimiento","Miedo","Alegría","Entretenimiento","Alegría","Tristeza","Alegría","Tristeza","Miedo","Alegría","Entretenimiento"
"2023/11/14 10:20:32 PM GMT-3","23","Universitaria","Ingeniería y Tecnología","Masculino","Chile / Chile","Tristeza","Entretenimiento","Miedo","Alegría","Tristeza","Entretenimiento","Alegría","Miedo","Alegría","Entretenimiento","Tristeza","Miedo","Tristeza","Miedo","Alegría","Entretenimiento","Alegría","Entretenimiento","Tristeza","Miedo","Entretenimiento","Alegría","Miedo","Tristeza","Tristeza","Miedo","Alegría","Entretenimiento","Alegría","Miedo","Entretenimiento","Tristeza","Entretenimiento","Miedo","Alegría","Tristeza","Miedo","Tristeza","Alegría","Entretenimiento","Tristeza","Miedo","Entretenimiento","Alegría","Entretenimiento","Alegría","Tristeza","Miedo","Miedo","Entretenimiento","Alegría","Tristeza","Tristeza","Miedo","Alegría","Entretenimiento","Entretenimiento","Tristeza","Miedo","Alegría","Alegría","Entretenimiento","Miedo","Tristeza","Miedo","Tristeza","Alegría","Entretenimiento","Miedo","Entretenimiento","Tristeza","Alegría","Entretenimiento","Alegría","Tristeza","Miedo","Miedo","Tristeza","Entretenimiento","Alegría"
"2023/11/14 10:47:17 PM GMT-3","40","Postgrado","Ingeniería y Tecnología","Masculino","Chile / Chile","Miedo","Alegría","Entretenimiento","Tristeza","Tristeza","Entretenimiento","Alegría","Miedo","Alegría","Entretenimiento","Tristeza","Miedo","Miedo","Tristeza","Alegría","Entretenimiento","Entretenimiento","Alegría","Tristeza","Miedo","Entretenimiento","Alegría","Miedo","Tristeza","Tristeza","Miedo","Alegría","Entretenimiento","Alegría","Miedo","Entretenimiento","Tristeza","Alegría","Miedo","Entretenimiento","Tristeza","Miedo","Tristeza","Alegría","Entretenimiento","Miedo","Tristeza","Alegría","Entretenimiento","Entretenimiento","Alegría","Alegría","Tristeza","Alegría","Entretenimiento","Miedo","Tristeza","Tristeza","Alegría","Miedo","Miedo","Entretenimiento","Tristeza","Miedo","Alegría","Tristeza","Alegría","Tristeza","Tristeza","Miedo","Miedo","Alegría","Tristeza","Miedo","Alegría","Tristeza","Alegría","Entretenimiento","Alegría","Miedo","Tristeza","Tristeza","Miedo","Entretenimiento","Alegría"
"2023/11/15 9:23:10 AM GMT-3","45","Postgrado","Ingeniería y Tecnología","Masculino","España / Spain","Miedo","Alegría","Entretenimiento","Tristeza","Tristeza","Miedo","Alegría","Miedo","Alegría","Entretenimiento","Tristeza","Miedo","Entretenimiento","Entretenimiento","Alegría","Entretenimiento","Entretenimiento","Entretenimiento","Tristeza","Miedo","Alegría","Alegría","Tristeza","Entretenimiento","Miedo","Miedo","Entretenimiento","Miedo","Alegría","Miedo","Entretenimiento","Tristeza","Miedo","Miedo","Tristeza","Miedo","Entretenimiento","Tristeza","Alegría","Alegría","Tristeza","Tristeza","Tristeza","Entretenimiento","Alegría","Entretenimiento","Tristeza","Tristeza","Entretenimiento","Alegría","Entretenimiento","Entretenimiento","Tristeza","Entretenimiento","Tristeza","Entretenimiento","Entretenimiento","Tristeza","Tristeza","Entretenimiento","Entretenimiento","Entretenimiento","Tristeza","Tristeza","Tristeza","Tristeza","Tristeza","Tristeza","Miedo","Tristeza","Tristeza","Entretenimiento","Alegría","Alegría","Tristeza","Tristeza","Entretenimiento","Miedo","Miedo","Miedo"
"2023/11/15 12:35:34 PM GMT-3","36","Postgrado","Ninguno","Masculino","Chile / Chile","Miedo","Miedo","Tristeza","Tristeza","Tristeza","Tristeza","Alegría","Tristeza","Alegría","Alegría","Tristeza","Tristeza","Alegría","Alegría","Alegría","Alegría","Tristeza","Tristeza","Miedo","Miedo","Entretenimiento","Entretenimiento","Tristeza","Tristeza","Miedo","Miedo","Miedo","Miedo","Entretenimiento","Tristeza","Entretenimiento","Tristeza","Miedo","Miedo","Miedo","Miedo","Entretenimiento","Entretenimiento","Alegría","Alegría","Entretenimiento","Tristeza","Alegría","Alegría","Alegría","Alegría","Alegría","Alegría","Entretenimiento","Entretenimiento","Entretenimiento","Entretenimiento","Tristeza","Entretenimiento","Tristeza","Tristeza","Entretenimiento","Tristeza","Tristeza","Alegría","Tristeza","Alegría","Tristeza","Tristeza","Miedo","Tristeza","Alegría","Tristeza","Miedo","Alegría","Tristeza","Alegría","Entretenimiento","Entretenimiento","Entretenimiento","Entretenimiento","Entretenimiento","Entretenimiento","Entretenimiento","Entretenimiento"
"2023/11/15 6:24:12 PM GMT-3","24","Secundaria","Ninguno","Femenino","Chile / Chile","Miedo","Alegría","Entretenimiento","Tristeza","Tristeza","Entretenimiento","Alegría","Miedo","Alegría","Entretenimiento","Miedo","Tristeza","Miedo","Tristeza","Alegría","Entretenimiento","Alegría","Entretenimiento","Tristeza","Miedo","Entretenimiento","Alegría","Tristeza","Miedo","Tristeza","Miedo","Alegría","Entretenimiento","Alegría","Miedo","Entretenimiento","Tristeza","Alegría","Tristeza","Entretenimiento","Miedo","Tristeza","Entretenimiento","Alegría","Miedo","Miedo","Tristeza","Entretenimiento","Alegría","Alegría","Entretenimiento","Miedo","Tristeza","Alegría","Entretenimiento","Miedo","Tristeza","Tristeza","Entretenimiento","Miedo","Alegría","Entretenimiento","Tristeza","Miedo","Alegría","Alegría","Entretenimiento","Miedo","Tristeza","Miedo","Tristeza","Entretenimiento","Alegría","Miedo","Tristeza","Entretenimiento","Alegría","Entretenimiento","Tristeza","Miedo","Alegría","Alegría","Miedo","Entretenimiento","Tristeza"
"2023/11/15 9:52:16 PM GMT-3","23","Universitaria","Ingeniería y Tecnología","Masculino","Chile / Chile","Miedo","Alegría","Entretenimiento","Tristeza","Tristeza","Entretenimiento","Alegría","Miedo","Alegría","Entretenimiento","Tristeza","Miedo","Tristeza","Alegría","Entretenimiento","Miedo","Entretenimiento","Alegría","Miedo","Tristeza","Entretenimiento","Alegría","Tristeza","Miedo","Entretenimiento","Miedo","Tristeza","Alegría","Alegría","Miedo","Entretenimiento","Tristeza","Tristeza","Entretenimiento","Alegría","Miedo","Miedo","Tristeza","Alegría","Entretenimiento","Miedo","Tristeza","Entretenimiento","Alegría","Entretenimiento","Alegría","Miedo","Tristeza","Alegría","Entretenimiento","Miedo","Tristeza","Miedo","Entretenimiento","Tristeza","Alegría","Entretenimiento","Tristeza","Miedo","Alegría","Alegría","Entretenimiento","Miedo","Tristeza","Miedo","Tristeza","Entretenimiento","Alegría","Miedo","Alegría","Tristeza","Entretenimiento","Entretenimiento","Alegría","Miedo","Tristeza","Tristeza","Miedo","Entretenimiento","Alegría"
"2023/11/16 5:27:13 AM GMT-3","21","Secundaria","Ciencias Sociales","Femenino","España / Spain","Tristeza","Alegría","Entretenimiento","Miedo","Entretenimiento","Miedo","Alegría","Tristeza","Alegría","Entretenimiento","Tristeza","Miedo","Tristeza","Miedo","Alegría","Entretenimiento","Alegría","Entretenimiento","Tristeza","Miedo","Entretenimiento","Alegría","Tristeza","Miedo","Entretenimiento","Tristeza","Alegría","Miedo","Alegría","Miedo","Entretenimiento","Tristeza","Tristeza","Entretenimiento","Alegría","Miedo","Tristeza","Miedo","Alegría","Entretenimiento","Miedo","Tristeza","Entretenimiento","Alegría","Entretenimiento","Alegría","Tristeza","Miedo","Alegría","Entretenimiento","Miedo","Tristeza","Miedo","Entretenimiento","Tristeza","Alegría","Entretenimiento","Miedo","Tristeza","Alegría","Alegría","Entretenimiento","Miedo","Tristeza","Miedo","Tristeza","Entretenimiento","Alegría","Miedo","Alegría","Tristeza","Entretenimiento","Alegría","Alegría","Miedo","Tristeza","Alegría","Miedo","Entretenimiento","Alegría"
"2023/11/16 10:14:52 AM GMT-3","48","Postgrado","Ingeniería y Tecnología","Masculino","Chile / Chile","Miedo","Tristeza","Alegría","Entretenimiento","Tristeza","Alegría","Entretenimiento","Miedo","Entretenimiento","Alegría","Tristeza","Miedo","Alegría","Miedo","Alegría","Entretenimiento","Entretenimiento","Alegría","Tristeza","Miedo","Entretenimiento","Alegría","Tristeza","Tristeza","Tristeza","Miedo","Tristeza","Entretenimiento","Alegría","Miedo","Entretenimiento","Tristeza","Miedo","Entretenimiento","Alegría","Tristeza","Tristeza","Miedo","Alegría","Entretenimiento","Miedo","Tristeza","Alegría","Entretenimiento","Entretenimiento","Alegría","Tristeza","Tristeza","Entretenimiento","Entretenimiento","Tristeza","Tristeza","Tristeza","Alegría","Tristeza","Alegría","Entretenimiento","Tristeza","Tristeza","Alegría","Alegría","Entretenimiento","Tristeza","Tristeza","Miedo","Miedo","Miedo","Miedo","Miedo","Tristeza","Tristeza","Alegría","Miedo","Tristeza","Miedo","Tristeza","Alegría","Miedo","Entretenimiento","Alegría"
"2023/11/18 6:32:40 AM GMT-3","18","Ninguno","Ciencias Naturales","Femenino","Turquía / Turkey","Miedo","Alegría","Tristeza","Miedo","Miedo","Tristeza","Alegría","Miedo","Alegría","Tristeza","Tristeza","Miedo","Alegría","Miedo","Miedo","Entretenimiento","Miedo","Entretenimiento","Alegría","Miedo","Entretenimiento","Entretenimiento","Miedo","Alegría","Tristeza","Miedo","Miedo","Alegría","Alegría","Miedo","Alegría","Miedo","Tristeza","Tristeza","Alegría","Tristeza","Tristeza","Tristeza","Miedo","Alegría","Tristeza","Tristeza","Alegría","Miedo","Entretenimiento","Alegría","Tristeza","Entretenimiento","Miedo","Entretenimiento","Entretenimiento","Miedo","Tristeza","Alegría","Miedo","Entretenimiento","Entretenimiento","Tristeza","Miedo","Alegría","Alegría","Miedo","Tristeza","Tristeza","Miedo","Tristeza","Alegría","Tristeza","Miedo","Tristeza","Tristeza","Alegría","Alegría","Alegría","Miedo","Tristeza","Alegría","Miedo","Entretenimiento","Tristeza"
"2023/11/18 6:33:46 AM GMT-3","19","Ninguno","Ingeniería y Tecnología","Femenino","Turquía / Turkey","Miedo","Alegría","Tristeza","Alegría","Tristeza","Entretenimiento","Alegría","Miedo","Alegría","Alegría","Miedo","Tristeza","Alegría","Miedo","Alegría","Entretenimiento","Alegría","Miedo","Miedo","Tristeza","Entretenimiento","Alegría","Miedo","Miedo","Miedo","Tristeza","Alegría","Entretenimiento","Entretenimiento","Miedo","Alegría","Tristeza","Alegría","Miedo","Alegría","Entretenimiento","Miedo","Alegría","Entretenimiento","Entretenimiento","Tristeza","Miedo","Alegría","Alegría","Entretenimiento","Alegría","Miedo","Miedo","Miedo","Entretenimiento","Miedo","Alegría","Miedo","Entretenimiento","Miedo","Alegría","Entretenimiento","Alegría","Tristeza","Alegría","Tristeza","Tristeza","Tristeza","Tristeza","Tristeza","Miedo","Alegría","Miedo","Alegría","Alegría","Alegría","Entretenimiento","Alegría","Entretenimiento","Alegría","Alegría","Miedo","Miedo","Miedo","Alegría"
"2023/11/18 10:29:58 AM GMT-3","40","Postgrado","Ingeniería y Tecnología","Masculino","Chile / Chile","Miedo","Entretenimiento","Alegría","Tristeza","Tristeza","Entretenimiento","Alegría","Miedo","Alegría","Entretenimiento","Tristeza","Miedo","Miedo","Tristeza","Entretenimiento","Alegría","Alegría","Entretenimiento","Tristeza","Miedo","Alegría","Entretenimiento","Tristeza","Miedo","Tristeza","Miedo","Entretenimiento","Alegría","Entretenimiento","Miedo","Alegría","Tristeza","Tristeza","Entretenimiento","Alegría","Miedo","Miedo","Tristeza","Entretenimiento","Alegría","Miedo","Tristeza","Entretenimiento","Alegría","Alegría","Entretenimiento","Tristeza","Miedo","Miedo","Alegría","Entretenimiento","Tristeza","Miedo","Alegría","Tristeza","Entretenimiento","Alegría","Tristeza","Miedo","Entretenimiento","Entretenimiento","Alegría","Miedo","Tristeza","Miedo","Tristeza","Alegría","Entretenimiento","Miedo","Entretenimiento","Tristeza","Alegría","Alegría","Entretenimiento","Miedo","Tristeza","Entretenimiento","Miedo","Alegría","Tristeza"
"2023/11/22 5:21:11 PM GMT-3","54","Postgrado","Ciencias Sociales","Femenino","Bolivia / Bolivia","Miedo","Miedo","Entretenimiento","Tristeza","Entretenimiento","Entretenimiento","Alegría","Miedo","Alegría","Entretenimiento","Miedo","Tristeza","Miedo","Miedo","Alegría","Alegría","Entretenimiento","Alegría","Tristeza","Miedo","Alegría","Alegría","Tristeza","Tristeza","Miedo","Miedo","Miedo","Entretenimiento","Entretenimiento","Miedo","Miedo","Tristeza","Tristeza","Miedo","Miedo","Miedo","Tristeza","Entretenimiento","Entretenimiento","Entretenimiento","Tristeza","Tristeza","Tristeza","Entretenimiento","Entretenimiento","Tristeza","Tristeza","Tristeza","Entretenimiento","Alegría","Entretenimiento","Tristeza","Miedo","Entretenimiento","Miedo","Miedo","Entretenimiento","Tristeza","Miedo","Entretenimiento","Entretenimiento","Alegría","Entretenimiento","Entretenimiento","Miedo","Tristeza","Alegría","Entretenimiento","Tristeza","Tristeza","Tristeza","Tristeza","Entretenimiento","Entretenimiento","Tristeza","Entretenimiento","Entretenimiento","Tristeza","Alegría","Entretenimiento"